[
    {
        "id": 1,
        "question": {
            "type": "text",
            "content": "International Yoga Day is celebrated on"
        },
        "options": [
            {
                "text": "20 June"
            },
            {
                "text": "22 June"
            },
            {
                "text": "23 June"
            },
            {
                "text": "21 June"
            }
        ],
        "answer": "21 June",
        "solution": {
            "type": "text",
            "content": "21 June. The International Day of Yoga has been celebrated across the world annually since 2015, following its inception in the United Nations General Assembly in 2014. Important days and Dates:- 9th Jan Pravasi Bhartiya Diwas, 12th Jan - National Youth Day, 2nd Feb - World Wetlands Day, 28th Feb National Science Day, 8th Mar International Women's Day, 7th Apr World Health Day, 31st May- World 2012. It is celebrated by the United Anti-Tobacco Day, 5th June World Environment Day, 16th Sep - World Ozone Day, 4th Dec - Indian Navy Day. Nations General Assembly. Other important Days: 5 October - World Teachers' Day, 2 October- Gandhi Jayanti, 23 March Sahid Diwas, 22 April - Earth Day, 5 June - Environment Day."
        },
        "videoUrl": "",
        "status": "SSC Stenographer 12/10/2023 (Evening)"
    },
    {
        "id": 2,
        "question": {
            "type": "text",
            "content": "In India, the National Sports Day is celebrated on which date?"
        },
        "options": [
            {
                "text": "6th December"
            },
            {
                "text": "1st September"
            },
            {
                "text": "29th August"
            },
            {
                "text": "14th November"
            }
        ],
        "answer": "1st September",
        "solution": {
            "type": "text",
            "content": "29th August. National Sports Day is celebrated to commemorate the Birth Anniversary of Hockey legend Major Dhyan Chand (he was the part of Olympic Hockey World cup team that won three consecutive Gold medals in 1928, 1932 and 1936 Summer olympics). 1 December - World Aids Day, 6 December Dr. Ambedkar Mahaparinirvan Divas, 14th November - Jawaharlal Nehru's Birthday/Childrens' Day."
        },
        "videoUrl": "",
        "status": "SSC MTS 12/09/2023 (2nd Shift)"
    },
    {
        "id": 3,
        "question": {
            "type": "text",
            "content": "Independence Day is celebrated every year in Pakistan on"
        },
        "options": [
            {
                "text": "30 January"
            },
            {
                "text": "31 December"
            },
            {
                "text": "14 August"
            },
            {
                "text": "23 March"
            }
        ],
        "answer": "31 December",
        "solution": {
            "type": "text",
            "content": "14 August. India 15 August 1947. Independence Day of other Countries: Bangladesh - 26 March 1971, Sri Lanka 4 February 1948, Nepal - 21 December 1923, China - 1 October 1949, Myanmar 4 January 1948, America - 4 July 1776, Canada - 1 July 1867."
        },
        "videoUrl": "",
        "status": "SSC MTS 14/09/2023 (2nd Shift)"
    },
    {
        "id": 4,
        "question": {
            "type": "text",
            "content": "2d October is observed as_"
        },
        "options": [
            {
                "text": "International Non-Violence Day"
            },
            {
                "text": "World Social Justice Day"
            },
            {
                "text": "World Wildlife Day"
            },
            {
                "text": "International Education Day"
            }
        ],
        "answer": "International Non-Violence Day",
        "solution": {
            "type": "text",
            "content": "International Non-Violence Day. Gandhi Jayanti On 2nd October Martyrs' Day On January 30 (death anniversary of Gandhi). Important Days: World Social Justice Day 20 February. World Wildlife Day - 3 March, World Water Day 22 March, World Earth Day 22 April, International Day for Biological Diversity - 22 May, Army Day - 15 january. UNGA (United Nations General Assembly) Founded 1945, Headquarter - New York, United States."
        },
        "videoUrl": "",
        "status": "SSC CHSL 03/08/2023 (1st shift)"
    },
    {
        "id": 5,
        "question": {
            "type": "text",
            "content": "When was the International Day of the Girl Child 2021 celebrated?"
        },
        "options": [
            {
                "text": "14 October"
            },
            {
                "text": "13 October"
            },
            {
                "text": "12 October"
            },
            {
                "text": "11 October"
            }
        ],
        "answer": "11 October",
        "solution": {
            "type": "text",
            "content": "11 October. International Girl Child Day - First time celebrated in"
        },
        "videoUrl": "",
        "status": "SSC CGL 14/07/2023 (2nd shift)"
    },
    {
        "id": 6,
        "question": {
            "type": "text",
            "content": "According to the Indian calendar, Vasanta Season falls in which months?"
        },
        "options": [
            {
                "text": "Chaitra-Vaisakha"
            },
            {
                "text": "Jyaistha-Asadha"
            },
            {
                "text": "Margashirsa-Pausa"
            },
            {
                "text": "Sravana-Bhadra"
            }
        ],
        "answer": "Chaitra-Vaisakha",
        "solution": {
            "type": "text",
            "content": "Chaitra-Vaisakha. Seasons according to the Hindu Calendar: Grishma ritu Jyeshtha and Aashaadha, Varsha ritu - Shravana and Bhadrapada, Sharad ritu - Ashwin and Kartik, Shishir or Shita ritu Magha and Phalguna. Hindu months in chronological order: Chaitra, Vaishakh, Jyeshtha, Aashada, Shraavana, Bhadra, Ashwin, Kartik, Margashirsha, Pausha, Magha, Phalgun."
        },
        "videoUrl": "",
        "status": "SSC CGL 19/07/2023 (2nd shift)"
    },
    {
        "id": 7,
        "question": {
            "type": "text",
            "content": "According to the Indian calendar, Hemanta season falls in which months?"
        },
        "options": [
            {
                "text": "Sravana-Bhadra"
            },
            {
                "text": "Chaitra-Vaisakha"
            },
            {
                "text": "Jyaistha-Asadha"
            },
            {
                "text": "Margashirsa-Pausa"
            }
        ],
        "answer": "Margashirsa-Pausa",
        "solution": {
            "type": "text",
            "content": "Margashirsa - Pausa. Other Seasons according to the Hindu Calendar: Basant ritu Chaitra and Vaisakha, Grishma ritu Jyeshtha and Aashaadha, Varsha ritu Shravana and Bhadrapada, Sharad ritu Ashwin and Kartik."
        },
        "videoUrl": "",
        "status": "SSC CGL 20/07/2023 (1st shift)"
    },
    {
        "id": 8,
        "question": {
            "type": "text",
            "content": "In which month of the Islamic calendar is 'Ramadan', a holy time when Muslims around the world fast and focus their attention on giving to charity (known as Zakat), observed?"
        },
        "options": [
            {
                "text": "Ninth"
            },
            {
                "text": "Second"
            },
            {
                "text": "Seventh"
            },
            {
                "text": "Sixth"
            }
        ],
        "answer": "Ninth",
        "solution": {
            "type": "text",
            "content": "Ninth. Ramadan begins and ends with the appearance of the crescent moon. Islamic months- (1) Muharram, (2) Safar, (3) Rabi al-Awwal, (4) Rabi al-Thani, (5) Jumada al-Awwal, (6) Jumada al-Thani, (7) Rajab, (8) Shaban, (9) Ramadan, (10) Shawwal, (11) Dhu al-Qadah, (12) Dhu al-Hijjah (month of Hajj). Other festivals of muslims: Muharram, Eid al-Adha, Eid al-Fitr, Mawlid an-Nabi and Eid ul-Azha."
        },
        "videoUrl": "",
        "status": "SSC CGL 21/07/2023 (3rd shift)"
    },
    {
        "id": 9,
        "question": {
            "type": "text",
            "content": "When was the International Day for Elder Persons 2021 celebrated?"
        },
        "options": [
            {
                "text": "1 October"
            },
            {
                "text": "3 October"
            },
            {
                "text": "4 October"
            },
            {
                "text": "2 October"
            }
        ],
        "answer": "1 October",
        "solution": {
            "type": "text",
            "content": "1 October. Important Days in October: 2nd International day of non-violence, 9th World Post Day, 10th- World Mental Health Day, 16th World Food Day, 17th International Day for the Eradication of Poverty, 24th - World Polio Day."
        },
        "videoUrl": "",
        "status": "SSC CGL 25/07/2023(3rd shift)"
    },
    {
        "id": 10,
        "question": {
            "type": "text",
            "content": "The first day of the Tamil calendar on 14 April is celebrated as"
        },
        "options": [
            {
                "text": "Mahamaham"
            },
            {
                "text": "Pongal"
            },
            {
                "text": "Onam"
            },
            {
                "text": "Puthandu"
            }
        ],
        "answer": "Puthandu",
        "solution": {
            "type": "text",
            "content": "Puthandu. Mahamaham is a Hindu festival celebrated every 12 years during the Tamil month of Masi."
        },
        "videoUrl": "",
        "status": "SSC CGL 27/07/2023 (1st shift)"
    },
    {
        "id": 11,
        "question": {
            "type": "text",
            "content": "Easter is celebrated on which of the following days of the week?"
        },
        "options": [
            {
                "text": "Wednesday"
            },
            {
                "text": "Monday"
            },
            {
                "text": "Sunday"
            },
            {
                "text": "Tuesday"
            }
        ],
        "answer": "Sunday",
        "solution": {
            "type": "text",
            "content": "Sunday. Easter Sunday:- It is a religious Christian holiday that is observed globally to celebrate the resurrection of Jesus Christ."
        },
        "videoUrl": "",
        "status": "Graduate Level 30/06/2023 (Shift - 1)"
    },
    {
        "id": 12,
        "question": {
            "type": "text",
            "content": "On which day of the Hindu calendar is the festival of Holi celebrated?"
        },
        "options": [
            {
                "text": "Chaitra Poornima"
            },
            {
                "text": "Chaitra Saptami"
            },
            {
                "text": "Falgun Poornima"
            },
            {
                "text": "Falgun Amavasya"
            }
        ],
        "answer": "Falgun Poornima",
        "solution": {
            "type": "text",
            "content": "Falgun Poornima. The festival is celebrated for two days: First Day Holika Dahan or Chhoti Holi. Second Day Rangwali Holi, Dhulandi or Phagwah."
        },
        "videoUrl": "",
        "status": "Higher Secondary 27/06/2023 (Shift - 3)"
    },
    {
        "id": 13,
        "question": {
            "type": "text",
            "content": "Ganesh Chaturthi is observed in _ month of Hindu calendar."
        },
        "options": [
            {
                "text": "Kartika"
            },
            {
                "text": "Ashadha"
            },
            {
                "text": "Bhadrapada"
            },
            {
                "text": "Vaishakh"
            }
        ],
        "answer": "Bhadrapada",
        "solution": {
            "type": "text",
            "content": "Bhadrapada. Festival according to Hindu Calendar: Chaitra Ugadi, Gudi Padwa, Ram Navami. Jyeshtha Ganga Dussehra. Ashada Jagannath Rath Yatra, Guru Purnima. Shravana - Raksha Bandhan. Bhadrapada - Janmashtami, Hartalika Teej. Kartik Karwa Chauth, Dhanteras, Diwali, Bhai Dooj, Chhath Puja. Phalguna - Holi. Other festivals of Maharashtra Gudhi Padwa, Narali Pournima, Bhau Beej, Ellora Festival, Pola, Banganga Festival."
        },
        "videoUrl": "",
        "status": "Higher Secondary 30/06/2023 (Shift - 2)"
    },
    {
        "id": 14,
        "question": {
            "type": "text",
            "content": "In India, National Voters' Day is celebrated on"
        },
        "options": [
            {
                "text": "26 March"
            },
            {
                "text": "24 February"
            },
            {
                "text": "27 December"
            },
            {
                "text": "25 January"
            }
        ],
        "answer": "25 January",
        "solution": {
            "type": "text",
            "content": "25 January. Other important days - 1 January Global Family Day. 9 January - Pravasi Bharatiya Divas. 12 January National youth day. 15 January - Thal Sena Divas (Army Day). 25 January Indian Tourism Day. 21 February - International Mother Language Day. 24 February Central Excise Day. 1 March - World Civil Defence Day."
        },
        "videoUrl": "",
        "status": "SSC MTS 02/05/2023 (Evening)"
    },
    {
        "id": 15,
        "question": {
            "type": "text",
            "content": "How many Indian states celebrate their formation on November 1 st?"
        },
        "options": [
            {
                "text": "Eight"
            },
            {
                "text": "Seven"
            },
            {
                "text": "Five"
            },
            {
                "text": "Six"
            }
        ],
        "answer": "Seven",
        "solution": {
            "type": "text",
            "content": "Seven. States formed on 1st November: Andhra Pradesh (1956), Karnataka (1956), Kerala (1956), Madhya Pradesh (1956), Haryana (1966), Punjab (1966), Chhattisgarh (2002). Two Union Territories also formed on this day: Puducherry (1954) and Lakshadweep (1956)."
        },
        "videoUrl": "",
        "status": "SSC MTS 16/06/2023 (Morning)"
    },
    {
        "id": 16,
        "question": {
            "type": "text",
            "content": "Engineer's Day in India is celebrated in the memory of"
        },
        "options": [
            {
                "text": "Kalpana Chawla"
            },
            {
                "text": "Dr. M. Visvesvaraya"
            },
            {
                "text": "Satish Dhawan"
            },
            {
                "text": "A.P.J Abdul Kalam"
            }
        ],
        "answer": "Dr. M. Visvesvaraya",
        "solution": {
            "type": "text",
            "content": "Dr. M. Visvesvaraya. He was Chief Engineer of Mysore State (1909) and the 19th Dewan of Mysore (1912 to 1918). Books: \"Reconstructing India\" and \"Planned Economy of India\". Engineer's Day (15 September) in India is celebrated for their contribution. Awards Order of the Indian Empire (1911); Bharat Ratna (1955)."
        },
        "videoUrl": "",
        "status": "SSC MTS 17/05/2023 (Morning)"
    },
    {
        "id": 17,
        "question": {
            "type": "text",
            "content": "Every year, Halloween is celebrated on"
        },
        "options": [
            {
                "text": "24h November"
            },
            {
                "text": "25th December"
            },
            {
                "text": "1 October"
            },
            {
                "text": "31 October"
            }
        ],
        "answer": "31 October",
        "solution": {
            "type": "text",
            "content": "31st October. A holiday widely observed particularly in the United States and Canada. 24th November: Thanksgiving Day (in the United States). 25th December: Christmas Day. 18th December - International Migrants Day. 1 December - World AIDS day."
        },
        "videoUrl": "",
        "status": "SSC MTS 19/05/2023 (Afternoon)"
    },
    {
        "id": 18,
        "question": {
            "type": "text",
            "content": "Which is the first month in the Islamic lunar calendar (Islamic lunar calendar)?"
        },
        "options": [
            {
                "text": "Shawwal"
            },
            {
                "text": "Ramzan"
            },
            {
                "text": "travel"
            },
            {
                "text": "Muharram"
            }
        ],
        "answer": "Muharram",
        "solution": {
            "type": "text",
            "content": "Muharram has a 10-day period when Muslims mourn the martyrdom of Hazrat Imam Hussain, son of Hazrat Ali and Grandson of Prophet Muhammad."
        },
        "videoUrl": "",
        "status": "SSC MTS 14/06/2023 (Afternoon)"
    },
    {
        "id": 19,
        "question": {
            "type": "text",
            "content": "\"Janjatiya Gaurav Diwas\" is observed on the birth anniversary of"
        },
        "options": [
            {
                "text": "Mahatma Gandhi"
            },
            {
                "text": "Sardar Vallabhbhai Patel"
            },
            {
                "text": "Birsa Munda"
            },
            {
                "text": "B. R. Ambedkar"
            }
        ],
        "answer": "Birsa Munda",
        "solution": {
            "type": "text",
            "content": "Birsa Munda. Birsa himself declared that God had appointed him to save his people from trouble, free them from the slavery of dikus (outsiders). He led the Munda rebellion in modern-day Jharkhand and Bihar. The Union Cabinet has approved 15th November (in 2021) as Janjatiya Gaurav Divas."
        },
        "videoUrl": "",
        "status": "SSC MTS 16/06/2023 (Afternoon)"
    },
    {
        "id": 20,
        "question": {
            "type": "text",
            "content": "International Tiger Day observed on_"
        },
        "options": [
            {
                "text": "July 5th"
            },
            {
                "text": "July 29th"
            },
            {
                "text": "July 30th"
            },
            {
                "text": "July 4th is"
            }
        ],
        "answer": "July 30th",
        "solution": {
            "type": "text",
            "content": "July 29th Celebrate with the aim of conserving tigers and saving their endangered species."
        },
        "videoUrl": "",
        "status": "SSC CHSL 09/03/2023 (4th Shift)"
    },
    {
        "id": 21,
        "question": {
            "type": "text",
            "content": "In India, National Statistics Day is celebrated on"
        },
        "options": [
            {
                "text": "22nd June"
            },
            {
                "text": "28th June"
            },
            {
                "text": "15th June"
            },
            {
                "text": "29th June"
            }
        ],
        "answer": "29th June",
        "solution": {
            "type": "text",
            "content": "29th June (Celebrated as the birth anniversary of Prof. P. C. Mahalanobis who worked in the field of Statistics and planning commission). 1 June World Milk Day, 5 June World Environment Day, 7 June World Food Safety Day, 20 June - World Refugee Day, 23 June International Olympic Day and United Nations Public Service Day. 15 June - World Wind Day."
        },
        "videoUrl": "",
        "status": "SSC CHSL 10/03/2023 (4th Shift)"
    },
    {
        "id": 22,
        "question": {
            "type": "text",
            "content": "International Women's celebrated on?"
        },
        "options": [
            {
                "text": "12th march"
            },
            {
                "text": "8th july"
            },
            {
                "text": "8th march"
            },
            {
                "text": "12th july Day"
            }
        ],
        "answer": "8th july",
        "solution": {
            "type": "text",
            "content": "8th march. 12th March- National Girl Scout Day and National Napping Day. 26th August Women's Equality Day."
        },
        "videoUrl": "",
        "status": "SSC CHSL 13/03/2023 (2nd Shift)"
    },
    {
        "id": 23,
        "question": {
            "type": "text",
            "content": "World Environment Day is held every year on"
        },
        "options": [
            {
                "text": "5th June"
            },
            {
                "text": "29th August"
            },
            {
                "text": "1st January"
            },
            {
                "text": "1st July"
            }
        ],
        "answer": "5th June",
        "solution": {
            "type": "text",
            "content": "5th June. 1st January - Global Family Day. 1st July National Doctors' Day in India in memory of Dr. Bidhan Chandra Roy."
        },
        "videoUrl": "",
        "status": "SSC CHSL 14/03/2023 (4th Shift)"
    },
    {
        "id": 24,
        "question": {
            "type": "text",
            "content": "International Day for the preservation of the Ozone layer is observed on."
        },
        "options": [
            {
                "text": "September 13"
            },
            {
                "text": "September 16"
            },
            {
                "text": "September 10"
            },
            {
                "text": "September 18"
            }
        ],
        "answer": "September 10",
        "solution": {
            "type": "text",
            "content": "September 16. The ozone layer (found in the stratosphere) is a thin part of Earth's atmosphere that absorbs almost all of the sun's harmful ultraviolet light. 18 September - World Bamboo Day, 21 September - International Day of Peace (UN), 26 September World Environmental Health Day, 10 September - World Suicide Prevention Day (WSPD)."
        },
        "videoUrl": "",
        "status": "SSC CHSL 16/03/2023 (1st Shift)"
    },
    {
        "id": 25,
        "question": {
            "type": "text",
            "content": "In which month, Hiroshima Day is observed across the world?"
        },
        "options": [
            {
                "text": "October"
            },
            {
                "text": "August"
            },
            {
                "text": "January"
            },
            {
                "text": "July"
            }
        ],
        "answer": "August",
        "solution": {
            "type": "text",
            "content": "August. Hiroshima Day is observed on 6 August (Little Boy) to commemorate the atomic bombing of Hiroshima Japan in the year 1945 and 6 August (Fat Man) of Nagasaki, at the end of World War II (1939 -1945). World War I- 1914 to 1918. The atomic bomb is based on the principle of nuclear fission."
        },
        "videoUrl": "",
        "status": "SSC CHSL 16/03/2023 (3rd Shift)"
    },
    {
        "id": 26,
        "question": {
            "type": "text",
            "content": "\"World Refugee Day\" is observed every year on"
        },
        "options": [
            {
                "text": "20th june"
            },
            {
                "text": "18th june"
            },
            {
                "text": "22th june"
            },
            {
                "text": "17th june"
            }
        ],
        "answer": "20th june",
        "solution": {
            "type": "text",
            "content": "20th June. World Refugee Day 2023 Theme: \"Whoever, Whatever, Whenever.\" First time: 2001. It is designated as an International Day by the UN (United Nations). It celebrates the strength and courage of people who have been forced to flee their home country to escape conflict or persecution."
        },
        "videoUrl": "",
        "status": "SSC CHSL 17/03/2023 (2nd Shift)"
    },
    {
        "id": 27,
        "question": {
            "type": "text",
            "content": "Swami Vivekananda's death anniversary is observed on"
        },
        "options": [
            {
                "text": "July 1"
            },
            {
                "text": "July 4"
            },
            {
                "text": "August 1"
            },
            {
                "text": "August 4"
            }
        ],
        "answer": "July 4",
        "solution": {
            "type": "text",
            "content": "July 4. Swami Vivekananda was born on 12 January 1863. January 12 is observed as National Youth Day. Vivekananda Title Maharaja Ajit singh of Khetri. Established RamaKrishna Mission in 1897. He Introduced Indian philosophies of Vedanta and Yoga."
        },
        "videoUrl": "",
        "status": "SSC CHSL 21/03/2023 (2nd Shift)"
    },
    {
        "id": 28,
        "question": {
            "type": "text",
            "content": "When did the Constitution of WHO come into force a date which we now celebrate World Health Day every year? SSC CGL Tier II 07/03/2023"
        },
        "options": [
            {
                "text": "5 April 1948"
            },
            {
                "text": "7 April 1948"
            },
            {
                "text": "6 April 1948"
            },
            {
                "text": "8 April 1948"
            }
        ],
        "answer": "7 April 1948",
        "solution": {
            "type": "text",
            "content": "7 April 1948. WHO (World Health Organisation): responsible for international public health. Its decision -making body is the World Health Assembly (WHA). Headquarter - Geneva, Switzerland."
        },
        "videoUrl": "",
        "status": ""
    },
    {
        "id": 29,
        "question": {
            "type": "text",
            "content": "What theme was decided to celebrate the second 'International Day of Yoga' in India?"
        },
        "options": [
            {
                "text": "Yoga for the achievement of the Sustainable Development Goals"
            },
            {
                "text": "Yoga for Peace"
            },
            {
                "text": "Yoga for Wellness"
            },
            {
                "text": "Yoga for Heart"
            }
        ],
        "answer": "Yoga for the achievement of the Sustainable Development Goals",
        "solution": {
            "type": "text",
            "content": "International day of Yoga is celebrated every year since 21 June 2015. Themes: 2015 (\"Yoga for Harmony and Peace\"), 2016 (Yoga for the achievement of the Sustainable Development Goals'), 2017 ('Yoga for Health), 2018 ('Yoga for Peace '), 2019 ( \"Yoga for Heart\"), 2020 (\"Yoga for Health Yoga at Home\"), 2021 (\"Yoga For Wellness\"), 2022 (\"Yoga for humanity\")."
        },
        "videoUrl": "",
        "status": "SSC CGL 01/12/2022 (1st Shift)"
    },
    {
        "id": 30,
        "question": {
            "type": "text",
            "content": "In honor of an Indian musician, the US state of proclaimed 20 April as Massachusetts"
        },
        "options": [
            {
                "text": "Sakhawat Hussain Day"
            },
            {
                "text": "Sharan Rani Backliwal Day"
            },
            {
                "text": "Amjad Ali Khan Day"
            },
            {
                "text": "Allauddin Khan Day in 1984"
            }
        ],
        "answer": "Amjad Ali Khan Day",
        "solution": {
            "type": "text",
            "content": "Amjad Ali Khan Day (sarod player) 21st Rajiv Gandhi National Sadbhavna Award, Padma Shri (1975), Padma Bhushan (1991), Padma Vibhushan (2001), Sangeet Natak Akademi Award (1989), Fukuoka Asian Culture Prize in 2004."
        },
        "videoUrl": "",
        "status": "SSC CGL 05/12/2022 (1st Shift)"
    },
    {
        "id": 31,
        "question": {
            "type": "text",
            "content": "According to the Ramsar Convention, which of the following is World Wetlands Day?"
        },
        "options": [
            {
                "text": "18th March"
            },
            {
                "text": "2nd February"
            }
        ],
        "answer": "",
        "solution": {
            "type": "text",
            "content": "с) (b) 15th January (d) 19th December 2nd February. Ramsar Convention 1971 Wetlands) An environmental (Convention on intergovernmental treaty established by UNESCO. Largest Ramsar site in India Sundarbans (West Bengal). As of May 2023, there are 75 Ramsar Sites in India."
        },
        "videoUrl": "",
        "status": "SSC CGL 11/04/2022 (Morning)"
    },
    {
        "id": 32,
        "question": {
            "type": "text",
            "content": "Which of the following environment events is observed by switching off all lights at homes, business establishments, landmarks and so on for an hour?"
        },
        "options": [
            {
                "text": "World Environment Day"
            },
            {
                "text": "Earth Hour Day"
            },
            {
                "text": "Earth Charter Day"
            },
            {
                "text": "Earth Day"
            }
        ],
        "answer": "Earth Hour Day",
        "solution": {
            "type": "text",
            "content": "Earth Hour Day. It is observed on 26 March every year. Earth Day is an annual event on April 22 to demonstrate support for environmental protection. Theme- Invest In our Planet."
        },
        "videoUrl": "",
        "status": "SSC CGL 12/04/2022 (Morning)"
    },
    {
        "id": 33,
        "question": {
            "type": "text",
            "content": "Which day has been declared by the World Health Organization as Hand Hygiene Day?"
        },
        "options": [
            {
                "text": "5th May"
            },
            {
                "text": "21st July"
            },
            {
                "text": "18th August"
            },
            {
                "text": "14th June"
            }
        ],
        "answer": "5th May",
        "solution": {
            "type": "text",
            "content": "5th May. National Ice Cream Pie Day is observed annually on August 18th. 14th June- World Blood Donor Day."
        },
        "videoUrl": "",
        "status": "SSC CGL 19/04/2022 (Afternoon)"
    },
    {
        "id": 34,
        "question": {
            "type": "text",
            "content": "Which of the following decades was proclaimed by the General Assembly of the United Nations as the International Decade for action on 'Water for life'?"
        },
        "options": [
            {
                "text": "1994-2004"
            },
            {
                "text": "1972-1982"
            },
            {
                "text": "1983-1993"
            },
            {
                "text": "2005- 2015"
            }
        ],
        "answer": "2005- 2015",
        "solution": {
            "type": "text",
            "content": "2005 - 2015. The decade of 1994-2004:- Decade of the world's Indigenous People. The decade of 1983-1993: Second Decade to Combat Racism and Racial Discrimination. 2021-2030:- United Nation Decade on Ecosystem Restoration. 2014 2024:- United Nations Decade of sustainable Energy for all."
        },
        "videoUrl": "",
        "status": "SSC CGL 21/04/2022 (Afternoon)"
    },
    {
        "id": 35,
        "question": {
            "type": "text",
            "content": "'Pateti' or the day of repentance is an important day of the _ calendar."
        },
        "options": [
            {
                "text": "Parsi"
            },
            {
                "text": "Buddhist"
            },
            {
                "text": "Jain"
            },
            {
                "text": "Christian"
            }
        ],
        "answer": "Parsi",
        "solution": {
            "type": "text",
            "content": "Parsi."
        },
        "videoUrl": "",
        "status": "SSC MTS 08/10/2021 (Afternoon)"
    },
    {
        "id": 36,
        "question": {
            "type": "text",
            "content": "When is National Consumer Day observed in India?"
        },
        "options": [
            {
                "text": "26th December"
            },
            {
                "text": "24th December"
            },
            {
                "text": "24th November"
            },
            {
                "text": "26th November"
            }
        ],
        "answer": "24th December",
        "solution": {
            "type": "text",
            "content": "24th December. On this day the Consumer Protection Act, 1986 had received the assent of the president. World Consumer Rights Day - 15 March."
        },
        "videoUrl": "",
        "status": "SSC MTS 11/10/2021 (Evening)"
    },
    {
        "id": 37,
        "question": {
            "type": "text",
            "content": "When is National Handloom Day celebrated?"
        },
        "options": [
            {
                "text": "23rd August"
            },
            {
                "text": "18th November"
            },
            {
                "text": "15th September"
            },
            {
                "text": "7th August"
            }
        ],
        "answer": "7th August",
        "solution": {
            "type": "text",
            "content": "7th August (Celebrated Since 2015). National Handloom Day is celebrated to mark the beginning of Swadeshi Andolan on August 7, 1905. Aim To encourage indigenous industries including handloom weavers."
        },
        "videoUrl": "",
        "status": "SSC MTS 27/10/2021 (Morning)"
    },
    {
        "id": 38,
        "question": {
            "type": "text",
            "content": "When is World Conservation Day observed?"
        },
        "options": [
            {
                "text": "12th July"
            },
            {
                "text": "28th July"
            },
            {
                "text": "5th August"
            },
            {
                "text": "30th May Nature"
            }
        ],
        "answer": "5th August",
        "solution": {
            "type": "text",
            "content": "July 28. Objective Raise awareness about the importance of protecting our natural resources and the environment. World Environment Day (5th June). International Day for Biological Diversity (22nd May)."
        },
        "videoUrl": "",
        "status": "SSC MTS 27/10/2021 (Morning)"
    },
    {
        "id": 39,
        "question": {
            "type": "text",
            "content": "When is National Girl Child Day observed annually in India?"
        },
        "options": [
            {
                "text": "5 June"
            },
            {
                "text": "12 May"
            },
            {
                "text": "9 September"
            },
            {
                "text": "24 January"
            }
        ],
        "answer": "24 January",
        "solution": {
            "type": "text",
            "content": "24 January. It was started by the Ministry of Women and Child Development and the Government of India in 2008. The purpose of the celebration is to spread awareness among people about all the inequalities faced by girls in Indian society."
        },
        "videoUrl": "",
        "status": "SSC CGL 16/08/2021 (Morning)"
    },
    {
        "id": 40,
        "question": {
            "type": "text",
            "content": "When is the Hindi Diwas observed annually?"
        },
        "options": [
            {
                "text": "14 March"
            },
            {
                "text": "6 April"
            },
            {
                "text": "14 September"
            },
            {
                "text": "2 October"
            }
        ],
        "answer": "14 September",
        "solution": {
            "type": "text",
            "content": "14 September (Celebrated Since 1953). On 14 September 1949, the Constituent Assembly accepted Hindi in the Devanagari script as the official language of India. World Hindi Day January 10."
        },
        "videoUrl": "",
        "status": "SSC CGL 16/08/2021 (Afternoon)"
    },
    {
        "id": 41,
        "question": {
            "type": "text",
            "content": "On which of the following days Is National Disaster Response Force Raising Day celebrated annually?"
        },
        "options": [
            {
                "text": "21 September"
            },
            {
                "text": "23 October"
            },
            {
                "text": "19 January"
            },
            {
                "text": "6 March"
            }
        ],
        "answer": "19 January",
        "solution": {
            "type": "text",
            "content": "19 January. National Disaster Response Force Came into existence on January 19, 2006, Parent department Ministry of Home Affairs, Motto - Aapda Seva Sadaiv."
        },
        "videoUrl": "",
        "status": "SSC CGL 18/08/2021 (Evening)"
    },
    {
        "id": 42,
        "question": {
            "type": "text",
            "content": "The birth anniversary of was observed as 'Rashtriya Ekta Diwas' (National Unity Day) on 31st October 2020."
        },
        "options": [
            {
                "text": "Jawaharlal Nehru"
            },
            {
                "text": "Rajendra Prasad"
            },
            {
                "text": "Sardar Vallabhbhai Patel"
            },
            {
                "text": "Indira Gandhi"
            }
        ],
        "answer": "Sardar Vallabhbhai Patel",
        "solution": {
            "type": "text",
            "content": "Sardar Vallabhbhai Patel."
        },
        "videoUrl": "",
        "status": "SSC CGL 24/08/2021 (Afternoon)"
    },
    {
        "id": 43,
        "question": {
            "type": "text",
            "content": "When is Martyr's Day observed in India every year?"
        },
        "options": [
            {
                "text": "12 March"
            },
            {
                "text": "25 October"
            },
            {
                "text": "19 September"
            },
            {
                "text": "30 January"
            }
        ],
        "answer": "30 January",
        "solution": {
            "type": "text",
            "content": "30th January. The date was chosen as it marks the assassination of Mohandas Karamchand Gandhi in 1948, by Nathuram Godse."
        },
        "videoUrl": "",
        "status": "SSC CHSL 15/04/2021 (Morning)"
    },
    {
        "id": 44,
        "question": {
            "type": "text",
            "content": "Which day in May 2020 was observed as 'International Tea Day'?"
        },
        "options": [
            {
                "text": "21 May"
            },
            {
                "text": "15 May"
            },
            {
                "text": "1 May"
            },
            {
                "text": "23 May"
            }
        ],
        "answer": "21 May",
        "solution": {
            "type": "text",
            "content": "21 May."
        },
        "videoUrl": "",
        "status": "SSC CHSL 9/8/2021 (Morning)"
    },
    {
        "id": 45,
        "question": {
            "type": "text",
            "content": "On which of the following days is World Computer Literacy Day observed?"
        },
        "options": [
            {
                "text": "Clara Barton"
            },
            {
                "text": "Alice Walker"
            },
            {
                "text": "Florence Nightingale"
            },
            {
                "text": "Mother Teresa"
            }
        ],
        "answer": "Florence Nightingale",
        "solution": {
            "type": "text",
            "content": "Florence Nightingale (the foundational philosopher of modern nursing). International Nurses Day (12th May) is celebrated to commemorate her birth in 1820. The event was established in 1974 by the International Council of Nurses (ICN). (a) 5 June (b) 2 December (c) 13 May (d) 30 September Sol.1390.(b) December 2. June 5: World Environment Day. 30 September: International Translation Day."
        },
        "videoUrl": "",
        "status": "SSC CHSL 9/8/2021 (Evening)"
    },
    {
        "id": 46,
        "question": {
            "type": "text",
            "content": "World Thyroid Day is observed on ."
        },
        "options": [
            {
                "text": "30th April"
            },
            {
                "text": "17th June"
            },
            {
                "text": "25th May"
            },
            {
                "text": "23rd March"
            }
        ],
        "answer": "25th May",
        "solution": {
            "type": "text",
            "content": "25th May. 17th June - World Day to Combat Desertification and March- World Drought. 23rd Meteorological Day."
        },
        "videoUrl": "",
        "status": "SSC CHSL 10/8/2021 (Afternoon)"
    },
    {
        "id": 47,
        "question": {
            "type": "text",
            "content": "On which date International Day of Biological Diversity is celebrated?"
        },
        "options": [
            {
                "text": "22nd June"
            },
            {
                "text": "20th May"
            },
            {
                "text": "17th May"
            },
            {
                "text": "22nd May"
            }
        ],
        "answer": "22nd May",
        "solution": {
            "type": "text",
            "content": "22nd May. Proclaimed by the United Nations in December 2000 to commemorate adoption of the final draft of Convention on Biological Diversity on 22 May 1992 by the Nairobi Final Act of the Conference."
        },
        "videoUrl": "",
        "status": "SSC CHSL 20/10/2020 (Morning)"
    },
    {
        "id": 48,
        "question": {
            "type": "text",
            "content": "The birth anniversary of _ is celebrated as 'International Nurses Day' every year."
        },
        "options": [],
        "answer": "",
        "solution": {
            "type": "text",
            "content": ""
        },
        "videoUrl": "",
        "status": "SSC CGL 03/03/2020 (Evening)"
    }
]